Lag,Q-Stat,p-value
10,22.97506029500251,0.010839010245403773
20,35.869446726816186,0.015933485663255836
