Order,ADF Stat,ADF p-value,KPSS Stat,KPSS p-value,Stationary
d=0,,,,,No (Constant)
d=1,4.039020484911665,1.0,1.3674135632156426,0.01,No
d=2,4.235384545261733,1.0,1.3597642000673462,0.01,No
