Lag,Q-Stat,p-value
10,26.21564838100351,0.0034607244164771207
20,26.954932951136403,0.13653669110991984
