Horizon,MAPE (%),RMSE,MAE
1 Month(s),0.48263529835273133,4.647338527758856,3.790406784949917
3 Month(s),1.7229060674171497,16.411170248118736,13.668682360474198
6 Month(s),3.7999433250059167,33.2074892560783,31.063419136243972
12 Month(s),9.524123599061278,87.8419242367153,83.5964978145775
