Order,ADF Stat,ADF p-value,KPSS Stat,KPSS p-value,Stationary
d=0,1.5165660850714677,0.9975843677512324,1.5956782084931553,0.01,No
d=1,4.0390204849116635,1.0,1.3674135632156428,0.01,No
d=2,4.235384545261734,1.0,1.3597642000673462,0.01,No
