Horizon,MAPE (%),RMSE,MAE
1 Month(s),0.4827157985805994,4.6478047656715304,3.791075867147613
3 Month(s),1.7230818637788388,16.41273828884785,13.670021104848129
6 Month(s),3.8006310463669384,33.21379144180272,31.06955847618711
12 Month(s),9.525882977689403,87.85455722088199,83.61468339321446
