Model,AIC,BIC,RMSE
"ARIMA(0,2,0)",81.07267335082409,82.1637158041824,22.91499491287846
"ARIMA(0,2,1)",61.64234127889867,63.8244261856153,22.88933459783311
"ARIMA(0,2,2)",48.55036309820178,51.82349045827672,22.882508002561277
"ARIMA(1,2,0)",72.69263904345544,74.87472395017207,22.898678774168935
"ARIMA(1,2,1)",57.12175182926819,60.39487918934314,22.885248393912846
"ARIMA(1,2,2)",49.330910337640105,53.69508015107337,22.882096983310767
"ARIMA(2,2,0)",58.26562234781189,61.538749707886836,22.885159401453976
"ARIMA(2,2,1)",49.73496190130529,54.099131714738554,22.881545293669074
"ARIMA(2,2,2)",52.25011231657545,57.70532458336703,22.881568191572303
