Lag,Q-Stat,p-value
10,26.375911526381493,0.0032661820646159912
20,27.132115801034175,0.13158777054185017
