Order,ADF Stat,ADF p-value,KPSS Stat,KPSS p-value,Stationary
d=0,1.4563722474919847,0.997355772026999,1.5935920975184064,0.01,No
d=1,4.335569513423334,1.0,1.3909183982078808,0.01,No
d=2,-5.024496991739121,1.984452928296345e-05,0.4400318088905077,0.05990008237478117,Yes
